item_id,dialogue_id,turn_index,variant,label_initial,label_final,fragment,annotator,rubric_version
r2-01,SNG01699.json,6,target,L1,L1,0,A1,v1
r2-02,PMUL2841.json,12,target,L0,L0,0,A1,v1
r2-03,PMUL2844.json,10,target,L2,L2,0,A1,v1
r2-04,PMUL3397.json,6,indirect,L3,L3,0,A1,v1
r2-05,PMUL4881.json,10,target,NR,NR,0,A1,v1
r2-06,MUL2100.json,8,direct,L1,L1,0,A1,v1
r2-07,PMUL3332.json,12,direct,L3,L3,0,A1,v1
r2-08,PMUL1054.json,6,direct,L0,L0,0,A1,v1
r2-09,MUL2507.json,6,target,L0,L0,0,A1,v1
r2-10,PMUL2841.json,12,direct,L2,L2,0,A1,v1
r2-11,MUL2507.json,6,direct,INF,INF,0,A1,v1
r2-12,PMUL1054.json,6,indirect,L0,L0,0,A1,v1
r2-13,PMUL2844.json,10,indirect,L2,L2,0,A1,v1
r2-14,PMUL2844.json,10,direct,INF,INF,0,A1,v1
r2-15,PMUL1054.json,6,target,L2,L2,0,A1,v1
r2-16,MUL2100.json,8,indirect,L0,L0,0,A1,v1
r2-17,PMUL3397.json,6,direct,INF,INF,0,A1,v1
r2-18,PMUL4881.json,10,direct,NR,NR,0,A1,v1
r2-19,PMUL2841.json,12,indirect,L1,L1,0,A1,v1
r2-20,MUL2507.json,6,indirect,L2,L2,0,A1,v1
r2-21,SNG1018.json,4,direct,NR,NR,0,A1,v1
r2-22,PMUL3397.json,6,target,L2,L2,0,A1,v1
r2-23,SNG1018.json,4,indirect,INF,INF,0,A1,v1
r2-24,PMUL3332.json,12,indirect,NR,NR,0,A1,v1
r2-25,MUL2100.json,8,target,L2,L2,0,A1,v1
r2-26,SNG01699.json,6,indirect,L1,L1,0,A1,v1
r2-27,PMUL4881.json,10,indirect,NR,NR,0,A1,v1
r2-28,SNG1018.json,4,target,NR,NR,0,A1,v1
r2-29,PMUL3332.json,12,target,NR,NR,0,A1,v1
r2-30,SNG01699.json,6,direct,L0,L0,0,A1,v1
