candidate_id,source,family_id,episode_id,split,locator,target_start,target_end,target_sha256,source_sha256,origin,speaker,addressee,status,exclusion_reason,screener,protocol_version
lit-11d052f5af,aesop_jones1912,aesop:jupiter-and-the-monkey,aesop:jupiter-and-the-monkey,dev,"JUPITER AND THE MONKEY, para 1",63226,63345,a3e3f8945953650a7c6abb08d3563fee7468571f01407c3eb165f094c4bb968d,0a2e7b971b00b76164071563e7e4bfa9cf962118ef67db9259020fc7c3b83602,proposed,,,pending,,A1,lit-screen-v1
lit-4dcee9e70a,aesop_jones1912,aesop:the-old-lion,aesop:the-old-lion,dev,"THE OLD LION, para 1",67191,67249,bbba01f659ff58096aacb5dee313e597c53c3d641be9f0d08bb68b13cca63a00,0a2e7b971b00b76164071563e7e4bfa9cf962118ef67db9259020fc7c3b83602,proposed,,,pending,,A1,lit-screen-v1
lit-38f800de9c,aesop_jones1912,aesop:the-old-lion,aesop:the-old-lion,dev,"THE OLD LION, para 1",67250,67387,28cf3fb2fdc62ebc1304def7b0ed56ae13f1eb4b523d6db422335017bbce49a5,0a2e7b971b00b76164071563e7e4bfa9cf962118ef67db9259020fc7c3b83602,proposed,,,pending,,A1,lit-screen-v1
lit-c58bdbdfe0,aesop_jones1912,aesop:the-dog-in-the-manger,aesop:the-dog-in-the-manger,dev,"THE DOG IN THE MANGER, para 1",72804,72928,280b8f06bbde1ee475b749d270df5751c0042a5a45c53974e05eff7c9f3251fc,0a2e7b971b00b76164071563e7e4bfa9cf962118ef67db9259020fc7c3b83602,proposed,,,pending,,A1,lit-screen-v1
lit-5bef53aa9d,aesop_jones1912,aesop:the-lion-and-the-boar,aesop:the-lion-and-the-boar,dev,"THE LION AND THE BOAR, para 1",76405,76474,62e841b8a01274b1f9beab31fb4e6c300dd49c0eb3c96b273548ac3e8d4d1882,0a2e7b971b00b76164071563e7e4bfa9cf962118ef67db9259020fc7c3b83602,proposed,,,pending,,A1,lit-screen-v1
lit-94605a107f,aesop_jones1912,aesop:the-viper-and-the-file,aesop:the-viper-and-the-file,dev,"THE VIPER AND THE FILE, para 1",99037,99185,04e3484f2968b324c8904bb0d3acec820bb5a04e616f77a9fc771124d851ad96,0a2e7b971b00b76164071563e7e4bfa9cf962118ef67db9259020fc7c3b83602,proposed,,,pending,,A1,lit-screen-v1
lit-0537e114c0,aesop_jones1912,aesop:the-wolf-and-the-lion,aesop:the-wolf-and-the-lion,dev,"THE WOLF AND THE LION, para 1",102747,102818,f43f5a95096249c22c862d7bfc32266385976d0ba25c2c329641f12f60691ac7,0a2e7b971b00b76164071563e7e4bfa9cf962118ef67db9259020fc7c3b83602,proposed,,,pending,,A1,lit-screen-v1
lit-6d25f0857d,aesop_jones1912,aesop:the-wolf-and-the-lion,aesop:the-wolf-and-the-lion,dev,"THE WOLF AND THE LION, para 1",102862,102930,39a046bcf4f0e13ea02118c30cdcc0cc6d11e9967efdf40b909ceb98c0016a4b,0a2e7b971b00b76164071563e7e4bfa9cf962118ef67db9259020fc7c3b83602,proposed,,,pending,,A1,lit-screen-v1
lit-73c06eaec8,aesop_jones1912,aesop:the-clown-and-the-countryman,aesop:the-clown-and-the-countryman,dev,"THE CLOWN AND THE COUNTRYMAN, para 1",107797,107845,b643b7af432bc7f687bb96f80744c59ebea8873af049a78caf25a31f6a98e151,0a2e7b971b00b76164071563e7e4bfa9cf962118ef67db9259020fc7c3b83602,proposed,,,pending,,A1,lit-screen-v1
lit-5b001c0046,aesop_jones1912,aesop:the-astronomer,aesop:the-astronomer,dev,"THE ASTRONOMER, para 1",149958,150156,335970c58bfc6c161364689188a851d572620999797b18d2453ad05d73d0ed5b,0a2e7b971b00b76164071563e7e4bfa9cf962118ef67db9259020fc7c3b83602,proposed,,,pending,,A1,lit-screen-v1
lit-86f9576577,kjv_pg10,kjv:cana-wedding,kjv:john:2,dev,John 2:3,3782383,3782465,05ecc6ef2ccee41496523cd68c9c35dc58efa7d42f90bc003015185ddf346457,0204adaed1f25700aa854218cae63c7172228c41088f335e99167a071eed83c0,proposed,,,pending,,A1,lit-screen-v1
lit-10ae08dea2,kjv_pg10,kjv:cana-wedding,kjv:john:2,dev,John 2:4,3782473,3782558,0936f33654439f16ef49e07595d0e128cd50bc718d8bfa29177442b27595822d,0204adaed1f25700aa854218cae63c7172228c41088f335e99167a071eed83c0,proposed,,,pending,,A1,lit-screen-v1
lit-c63e6cddef,kjv_pg10,kjv:cana-wedding,kjv:john:2,dev,John 2:5,3782566,3782639,317bfb74c8c42888050dd418c7650af9351f3a795c8e5238d54e560006959b6e,0204adaed1f25700aa854218cae63c7172228c41088f335e99167a071eed83c0,proposed,,,pending,,A1,lit-screen-v1
lit-0c6c50fad0,kjv_pg10,kjv:cana-wedding,kjv:john:2,dev,John 2:7,3782791,3782882,a4a7ff6637efb633662f60b7f72657b6d783338581ce49658114a26ae5e1e2d4,0204adaed1f25700aa854218cae63c7172228c41088f335e99167a071eed83c0,proposed,,,pending,,A1,lit-screen-v1
lit-f9e783165f,kjv_pg10,kjv:cana-wedding,kjv:john:2,dev,John 2:8,3782890,3782987,dd745446a8d24d99fc68fe8e2484d6d99b3f6b7848e74af1bbce7ddb3aa145bc,0204adaed1f25700aa854218cae63c7172228c41088f335e99167a071eed83c0,proposed,,,pending,,A1,lit-screen-v1
lit-19ed43f2e6,kjv_pg10,kjv:cana-wedding,kjv:john:2,dev,John 2:10,3783194,3783369,9b898f60a64effc318e0ee2fda5ed8150443e044bef356e6e828de4a05c680d0,0204adaed1f25700aa854218cae63c7172228c41088f335e99167a071eed83c0,proposed,,,pending,,A1,lit-screen-v1
lit-fc640f6b8e,kjv_pg10,kjv:cana-wedding,kjv:john:2,dev,John 2:16,3784022,3784135,802ce3b4e8f5b2950d64980020685530025f746a8e5f3b0f02e446f92913271c,0204adaed1f25700aa854218cae63c7172228c41088f335e99167a071eed83c0,proposed,,,pending,,A1,lit-screen-v1
lit-358546a861,kjv_pg10,kjv:cana-wedding,kjv:john:2,dev,John 2:18,3784245,3784356,ca0c4a927fa6b91a3a65f26aa9c909aa153df6a27a72807f432b6557ae1b2731,0204adaed1f25700aa854218cae63c7172228c41088f335e99167a071eed83c0,proposed,,,pending,,A1,lit-screen-v1
lit-722a047c70,kjv_pg10,kjv:cana-wedding,kjv:john:2,dev,John 2:19,3784362,3784457,f4ed673d9734f83e5a240082e9c4fb09228b60a9e0fbbcabc7a9a620c0643816,0204adaed1f25700aa854218cae63c7172228c41088f335e99167a071eed83c0,proposed,,,pending,,A1,lit-screen-v1
lit-af89cdc9c5,kjv_pg10,kjv:cana-wedding,kjv:john:2,dev,John 2:20,3784466,3784575,48ace082bd85a488b50f110b32c208ca4d2a652a409945c4ad416ed63190d3c1,0204adaed1f25700aa854218cae63c7172228c41088f335e99167a071eed83c0,proposed,,,pending,,A1,lit-screen-v1
lit-a83a404595,kjv_pg10,kjv:cana-wedding,kjv:john:2,dev,John 2:21,3784581,3784621,bd8bb6cfeb45e803d11948ef8eda6babb98d2b8a782bbd9ff62f2c366fd6bbb6,0204adaed1f25700aa854218cae63c7172228c41088f335e99167a071eed83c0,proposed,,,pending,,A1,lit-screen-v1
lit-973d48b8e0,kjv_pg10,kjv:cana-wedding,kjv:john:2,dev,John 2:22,3784630,3784800,af6f9f9a12d83123992da918192d6bd317f9bf3a68028687f038823bdc2eb88c,0204adaed1f25700aa854218cae63c7172228c41088f335e99167a071eed83c0,proposed,,,pending,,A1,lit-screen-v1
